ticker,debtToEquity,dividendYield,eps,freeCashFlowPerShare,marketCap,priceToBook,priceToEarnings,industry,sector,country,employees,epsNext5Yr,epsPrev5Yr,epsThisYr,roe,roa,roi,volume,beta
MMM,1.46,0.0302,9.25,1.54,113390.0,8.8,21.16,Specialty Industrial Machinery,Industrials,usa,95000.0,0.081,0.04,0.184,0.471,0.117,0.184,925395,0.96
AOS,0.06,0.0156,2.12,2.402,10760.0,5.84,31.51,Specialty Industrial Machinery,Industrials,usa,13900.0,0.08,0.061,-0.044,0.201,0.114,0.176,616114,1.06
ABT,0.57,0.015,2.52,0.201,213800.0,6.49,47.63,Medical Devices,Healthcare,usa,109000.0,0.1558,0.078,0.245,0.144,0.065,0.097,1235425,0.7
ABMD,0,,4.39,4.636,15080.0,11.81,75.03,Medical Devices,Healthcare,usa,1536.0,0.171,0.108,-0.21,0.174,0.154,0.179,52433,1.31
ACN,0,0.0124,8.45,2.142,187750.0,9.88,33.66,Information Technology Services,Technology,irl,537000.0,0.0975,0.106,0.073,0.315,0.145,0.289,577384,1.1
ATVI,0.24,0.0049,2.83,2.236,72750.0,4.95,34.12,Electronic Gaming & Multimedia,Communication Services,usa,9500.0,0.1783,0.188,0.449,0.157,0.104,0.123,1701771,0.64
ADBE,0,,11.52,2.554,235630.0,17.67,43.4,Software—Infrastructure,Technology,usa,22516.0,0.178,0.543,0.805,0.451,0.239,0.306,852633,0.95
AMD,0,,2.04,-0.103,97780.0,17.22,40.84,Semiconductors,Technology,usa,12600.0,0.2631,0.348,6.047,0.621,0.35,0.409,18519660,2.06
AES,7.55,0.0217,0.06,0.092,18320.0,6.99,503.27,Utilities—Diversified,Utilities,usa,8162.0,0.0815,-0.326,-0.858,0.019,0.001,0.053,3391824,0.8
A,0.52,0.006,2.6,2.758,39650.0,8.32,50.17,Diagnostics & Research,Healthcare,usa,16400.0,0.108,0.12,-0.316,0.167,0.085,0.1,560814,1.01
APD,0.63,0.0212,8.53,0.401,61860.0,4.94,33.19,Chemicals,Basic Materials,usa,19000.0,0.0901,0.148,0.084,0.158,0.079,0.088,294523,0.78
AKAM,0.45,,3.37,3.05,16880.0,4,30.97,Software—Infrastructure,Technology,usa,8368.0,0.1044,0.136,0.161,0.14,0.076,0.099,458654,0.41
ALK,1.17,,-10.71,8.323,9010.0,3.02,,Airlines,Industrials,usa,21997.0,,-0.295,-2.733,-0.37,-0.094,-0.198,431825,1.86
ALB,0.84,0.0107,3.52,-1.152,16540.0,3.65,41.54,Specialty Chemicals,Basic Materials,usa,5900.0,0.15,0.054,-0.299,0.092,0.037,0.056,269714,1.53
ALXN,0.22,,2.69,8.648,33890.0,2.91,57.34,Biotechnology,Healthcare,usa,3837.0,0.0878,0.324,-0.746,0.054,0.034,0.043,571209,1.27
ALLE,1.72,0.011,3.39,0.205,11670.0,14.51,38.56,Security & Protection Services,Industrials,irl,11500.0,0.017,0.163,-0.205,0.427,0.108,0.156,194459,1.19
LNT,1.26,0.0297,2.47,-3.681,13480.0,2.38,21.9,Utilities—Regulated Electric,Utilities,usa,3375.0,0.057,0.079,0.059,0.109,0.035,0.062,344818,0.33
ALL,0.28,0.0277,17.46,14.308,35110.0,1.26,6.7,Insurance—Property & Casualty,Financial Services,usa,41860.0,0.0259,0.279,0.234,0.217,0.045,0.155,567361,0.83
GOOGL,0.07,,61.01,7.978,1471310.0,6.83,36.89,Internet Content & Information,Communication Services,usa,135301.0,0.1695,0.223,0.272,0.19,0.138,0.141,569118,1
MO,10.38,0.0668,2.41,1.656,95990.0,33.65,21.35,Tobacco,Consumer Defensive,usa,7100.0,0.0442,-0.02,4.706,0.98,0.091,0.177,1914882,0.68
AMZN,0.55,,41.75,-4.747,1626220.0,17.66,79.02,Internet Retail,Consumer Cyclical,usa,1298000.0,0.372,1.018,0.819,0.271,0.079,0.139,2457170,1.12
AEE,1.3,0.0271,3.5,-1.107,20800.0,2.25,23.16,Utilities—Regulated Electric,Utilities,usa,9183.0,0.075,0.081,0.045,0.103,0.029,0.056,430610,0.26
AAL,,,-18.61,-2.313,15190.0,,,Airlines,Industrials,usa,102700.0,,-0.296,-5.838,1.953,-0.143,-0.305,12224403,1.93
AEP,1.63,0.0344,4.33,-3.608,42330.0,2.07,19.87,Utilities—Regulated Electric,Utilities,usa,16787.0,0.0615,0.038,0.116,0.109,0.028,0.053,627824,0.25
AXP,5.73,0.0117,3.77,-3.165,115580.0,5.15,39.04,Credit Services,Financial Services,usa,63700.0,0.156,-0.057,-0.529,0.14,0.016,0.02,843463,1.28
AMT,7.15,0.0206,3.79,1.322,106700.0,26.18,63.62,REIT—Specialty,Real Estate,usa,5618.0,0.1731,0.219,-0.106,0.448,0.04,0.08,761983,0.2
AWK,1.7,0.0145,3.89,-2.072,27400.0,4.25,38.97,Utilities—Regulated Water,Utilities,usa,7000.0,0.086,0.081,0.135,0.111,0.029,0.059,256879,0.2
ABC,,0.0152,-15.89,9.677,23870.0,,,Medical Distribution,Healthcare,usa,22000.0,0.092,0.087,-5.309,-2.248,-0.075,-1.052,189524,0.54
AME,0.41,0.0061,3.77,4.493,29860.0,5.04,34.53,Specialty Industrial Machinery,Industrials,usa,16500.0,-0.012,0.091,0.005,0.155,0.084,0.115,331551,1.35
AMGN,3.51,0.0285,12.31,3.376,142380.0,15.22,20.05,Drug Manufacturers—General,Healthcare,usa,24300.0,0.0701,0.063,-0.044,0.717,0.114,0.195,572711,0.74
APH,0.72,0.017,1.95,1.092,40120.0,7.56,34.83,Electronic Components,Technology,usa,80000.0,0.112,0.102,0.043,0.246,0.102,0.143,966924,1.27
ADI,0.43,0.017,3.77,5.358,57830.0,4.95,42.95,Semiconductors,Technology,usa,15900.0,0.1179,0.083,-0.1,0.118,0.065,0.082,1031451,1.29
ANSS,0.19,,4.97,5.4,30330.0,7.61,72.94,Software—Application,Technology,usa,4800.0,0.08,0.125,-0.05,0.12,0.087,0.089,102599,1.2
AON,2.23,0.0078,8.44,1.196,52720.0,15.41,27.84,Insurance Brokers,Financial Services,gbr,50000.0,0.1063,0.145,0.325,0.57,0.063,0.208,596940,0.83
APA,,0.0057,-12.86,1.655,6300.0,,,Oil & Gas E&P,Energy,usa,2272.0,,0.148,-0.364,3.155,-0.374,-0.605,3199526,4.96
AAPL,1.69,0.0063,3.7,2.628,2173370.0,33.34,35.24,Consumer Electronics,Technology,usa,147000.0,0.1469,0.073,0.102,0.906,0.194,0.317,58590438,1.22
AMAT,0,0.0069,4.18,2.995,120720.0,11.11,33.33,Semiconductor Equipment & Materials,Technology,usa,24200.0,0.2128,0.284,0.382,0.38,0.174,0.238,3787537,1.5
ADM,0.5,0.0255,3.15,-1.508,32100.0,1.63,18.47,Farm Products,Consumer Defensive,usa,37575.0,0.043,0.011,0.254,0.091,0.038,0.039,845861,0.87
ANET,0,,7.99,12.413,23280.0,7.11,38.96,Computer Hardware,Technology,usa,2613.0,0.066,0.367,-0.249,0.207,0.144,0.179,110493,1.18
AIZ,0.37,0.0182,6.42,21.09,8760.0,1.45,22.65,Insurance—Specialty,Financial Services,usa,13600.0,0.194,0.267,0.147,0.073,0.01,0.066,117101,0.61
T,0.97,0.0693,-0.76,4.002,212550.0,1.33,,Telecom Services,Communication Services,usa,230760.0,0.0189,-0.183,-1.396,-0.031,-0.01,0.017,19734203,0.74
ATO,0.71,0.0254,5.13,-6.184,0.0121,1.73,19.17,Utilities—Regulated Gas,Utilities,usa,4694.0,0.07,0.103,0.124,,,0.06,196735,0.38
ADSK,1.7,,5.44,6.199,62900.0,66.69,53.94,Software—Application,Technology,usa,11500.0,0.3104,0.417,4.401,5.018,0.197,0.496,452693,1.34
AZO,,,78.92,4.93,30910.0,,17.96,Specialty Retail,Consumer Cyclical,usa,60000.0,0.067,0.148,0.14,-1.479,0.134,0.398,104523,0.95
AVB,0.71,0.0343,5.89,-2.088,25570.0,2.41,31.54,REIT—Residential,Real Estate,usa,2966.0,0.0254,0.013,0.047,0.076,0.043,0.026,199567,0.96
BLL,2.38,0.0068,1.68,2.869,28240.0,8.75,52.16,Packaging & Containers,Consumer Cyclical,usa,21500.0,0.136,0.111,0.011,0.203,0.034,0.076,918095,0.39
BAC,0,0.0181,1.87,2.16,335560.0,1.39,21.2,Banks—Diversified,Financial Services,usa,213000.0,0.0111,0.074,-0.32,0.067,0.006,0.055,26873987,1.58
BAX,0.71,0.0117,2.13,0.197,42490.0,4.92,39.42,Medical Instruments & Supplies,Healthcare,usa,50000.0,0.09,0.244,0.371,0.133,0.056,0.086,1158874,0.68
BBY,0.3,0.0234,6.83,6.878,29660.0,6.79,17.52,Specialty Retail,Consumer Cyclical,usa,61200.0,0.0963,0.243,0.189,0.453,0.098,0.304,1121778,1.58
BIIB,0.69,,24.45,7.411,40630.0,3.81,10.87,Drug Manufacturers—General,Healthcare,usa,9100.0,-0.1008,0.101,-0.211,0.353,0.158,0.196,346369,0.46
BLK,0.21,0.0206,31.89,16.857,120150.0,3.46,25.1,Asset Management,Financial Services,usa,16500.0,0.1268,0.1,0.121,0.146,0.03,0.105,191995,1.17
BA,,,-20.73,-8.256,149830.0,,,Aerospace & Defense,Industrials,usa,141000.0,0.1233,-0.369,0.964,0.923,-0.077,-0.226,9403824,1.68
BXP,2.29,0.0377,5.54,0.314,15720.0,2.79,18.74,REIT—Office,Real Estate,usa,750.0,0.07,0.083,0.68,0.146,0.038,0.047,296420,1.24
AVGO,1.75,0.0297,8.63,5.563,193100.0,8.24,56.23,Semiconductors,Technology,usa,21000.0,0.086,0.05,-0.021,0.153,0.047,0.072,768901,0.99
BR,1.23,0.0149,4.43,4.887,17670.0,12.46,34.83,Information Technology Services,Technology,usa,12000.0,0.1,0.113,-0.027,0.384,0.107,0.162,165080,0.88
CHRW,0.63,0.0211,3.72,0.323,12430.0,6.98,25.97,Integrated Freight & Logistics,Industrials,usa,14888.0,0.0994,0.012,-0.112,0.288,0.102,0.18,155252,0.72
COG,0.51,0.0224,0.5,0.141,7010.0,3.21,35.63,Oil & Gas E&P,Energy,usa,503.0,0.4375,0.307,-0.693,0.093,0.045,0.076,3099149,0.17
CDNS,0.14,,2.11,0.715,39300.0,15.98,68.87,Software—Application,Technology,usa,8800.0,0.111,0.212,-0.401,0.254,0.149,0.212,565487,1.04
CZR,5.27,,-10.91,0.263,0.01969,3.99,,Resorts & Casinos,Consumer Cyclical,usa,54000.0,0.275,-0.499,0.684,-0.642,-0.083,-0.024,1245260,3.2
COF,0.72,0.0121,5.12,11.542,59700.0,1.1,25.93,Credit Services,Financial Services,usa,51985.0,0.042,-0.058,-0.53,0.045,0.006,0.169,1119061,1.75
CAH,3.42,0.0327,4.7,7.98,17360.0,8.84,12.61,Medical Distribution,Healthcare,usa,48000.0,0.0757,-0.406,-3.786,0.866,0.033,-0.471,493261,1.09
KMX,3.64,,4.54,-3.449,0.02241,5.08,28.25,Auto & Truck Dealerships,Consumer Cyclical,usa,25000.0,0.0634,0.143,0.112,0.178,0.033,0.046,703090,1.67
CCL,1.31,,-13.31,-0.259,31050.0,1.28,,Travel Services,Consumer Cyclical,usa,70000.0,,-0.51,-4.057,-0.481,-0.204,-0.186,27505941,2.36
CTLT,0.88,,1.78,0.207,18070.0,5.19,60.42,Drug Manufacturers—Specialty & Generic,Healthcare,usa,14000.0,0.1597,-0.083,0.206,0.1,0.038,0.057,350583,1.44
CAT,2.42,0.0179,5.32,9.608,125210.0,8.19,43.36,Farm & Heavy Construction Machinery,Industrials,usa,97300.0,-0.0111,0.049,-0.49,0.206,0.039,0.066,1318823,0.94
CBOE,,0.0169,4.55,1.383,10650.0,3.54,21.81,Financial Data & Stock Exchanges,Financial Services,usa,1010.0,0.018,0.2147,-0.03,,,,235723,
CE,1.06,0.0181,17.04,1.174,16900.0,4.92,8.81,Chemicals,Basic Materials,usa,7658.0,0.2107,0.53,1.449,0.724,0.2,0.252,375283,1.24
CNC,0.65,,3.08,-0.766,36160.0,1.39,19.97,Healthcare Plans,Healthcare,usa,71300.0,0.1053,0.166,-0.006,0.072,0.027,0.05,1875948,0.51
CERN,0.3,0.0122,2.52,0.518,21800.0,4.94,28.59,Health Information Services,Healthcare,usa,26400.0,0.1151,0.104,0.531,0.186,0.109,0.121,1041766,0.72
CF,1.36,0.0264,1.47,5.318,9650.0,3.34,30.9,Agricultural Inputs,Basic Materials,usa,2970.0,-0.0521,-0.131,-0.338,0.112,0.026,0.086,467628,1.28
CHTR,3.48,,15.53,6.597,134260.0,5.09,39.6,Entertainment,Communication Services,usa,96100.0,0.3374,0.506,1.066,0.117,0.022,0.072,618325,0.97
CVX,0.34,0.0501,-2.99,8.541,196650.0,1.49,,Oil & Gas Integrated,Energy,usa,47736.0,-0.049,-0.262,-2.919,-0.041,-0.024,-0.02,4131367,1.32
CMG,0,,12.49,3.757,42370.0,21.12,121.99,Restaurants,Consumer Cyclical,usa,88000.0,0.5256,-0.037,0.012,0.198,0.064,0.174,113891,1.37
CB,0.26,0.02,7.79,3.793,71530.0,1.21,20.52,Insurance—Property & Casualty,Financial Services,che,31000.0,0.1718,-0.02,-0.197,0.063,0.019,0.041,847362,0.7
CI,0.65,0.0168,23.12,22.588,82730.0,1.69,10.31,Healthcare Plans,Healthcare,usa,72226.0,0.1035,0.234,0.709,0.177,0.054,0.119,882513,0.91
CINF,0.08,0.0241,7.53,1.014,16660.0,1.56,13.88,Insurance—Property & Casualty,Financial Services,usa,5266.0,0.0702,0.144,-0.381,0.129,0.047,0.109,316148,0.65
CTAS,0.71,0.0087,9.14,2.883,35580.0,10.09,37.84,Specialty Business Services,Industrials,usa,40000.0,0.1285,0.191,0.016,,,0.17,217677,1.5
CSCO,0.37,0.0285,2.39,3.382,218210.0,5.61,21.73,Communication Equipment,Technology,usa,77500.0,0.066,0.086,-0.06,0.268,0.108,0.207,5220574,0.93
CFG,0.41,0.0349,2.22,3.028,18670.0,0.92,20.14,Banks—Regional,Financial Services,usa,17407.0,-0.0276,0.075,-0.417,0.046,0.005,0.125,2039454,1.78
CTXS,0,0.0104,3.99,5.499,17560.0,156.89,35.76,Software—Application,Technology,usa,9000.0,0.107,0.244,-0.205,,0.11,0.303,383325,0.2
CMS,2.76,0.0287,2.52,-1.125,17600.0,3.15,24.09,Utilities—Regulated Electric,Utilities,usa,8148.0,0.072,0.059,0.102,0.142,0.026,0.058,860420,0.16
KO,2.22,0.0316,1.79,0.075,229780.0,11.83,29.64,Beverages—Non-Alcoholic,Consumer Defensive,usa,80300.0,0.0614,0.014,-0.133,0.421,0.083,0.122,4812303,0.62
CTSH,0.07,0.012,2.57,3.769,42070.0,3.92,31.14,Information Technology Services,Technology,usa,289500.0,0.034,-0.006,-0.218,0.128,0.078,0.122,767841,1.16
CL,10.23,0.0226,3.14,0.801,67820.0,91.54,25.4,Household & Personal Products,Consumer Defensive,usa,34200.0,0.0746,0.156,0.141,6.95,0.175,0.371,1711876,0.6
CMA,0.38,0.0383,3.29,4.92,9900.0,1.29,21.59,Banks—Regional,Financial Services,usa,7429.0,-0.107,0.029,-0.584,0.061,0.006,0.119,359727,1.64
CAG,1.1,0.0295,2.27,0.822,18380.0,2.17,16.41,Packaged Foods,Consumer Defensive,usa,16500.0,0.066,0.108,0.126,0.138,0.05,0.072,2486202,0.89
ED,1.29,0.0413,3.29,-1.696,25900.0,1.34,22.87,Utilities—Regulated Electric,Utilities,usa,14071.0,0.0295,-0.041,-0.195,0.06,0.018,0.052,690349,0.15
STZ,0.83,0.0134,9.36,9.521,43070.0,3.27,23.97,Beverages—Wineries & Distilleries,Consumer Defensive,usa,,0.0883,-0.151,-1.004,0.167,0.075,0.128,1955836,1.19
CPRT,0.14,,2.95,1.263,26200.0,9.22,38.95,Specialty Business Services,Industrials,usa,7600.0,0.223,0.285,0.19,0.271,0.198,0.248,675364,1
GLW,0.73,0.0215,0.48,0.159,33910.0,3.11,91.9,Electronic Components,Technology,usa,50110.0,0.04,-0.117,-0.498,0.04,0.014,0.047,2000661,1.19
COST,0.49,0.0078,9.78,0.167,158750.0,10.23,36.95,Discount Stores,Consumer Defensive,usa,156000.0,0.0864,0.109,0.129,0.265,0.078,0.155,814607,0.65
CCI,2.04,0.0303,2.34,0.495,74940.0,8.03,75.2,REIT—Specialty,Real Estate,usa,4900.0,0.196,0.103,0.315,0.103,0.025,0.061,592415,0.34
CMI,0.52,0.021,12.0,1.983,37850.0,4.71,21.41,Specialty Industrial Machinery,Industrials,usa,57825.0,0.1498,0.089,-0.171,0.238,0.085,0.142,445681,1.11
CVS,0.93,0.0271,5.47,7.987,97980.0,1.4,13.49,Healthcare Plans,Healthcare,usa,213000.0,0.0377,0.033,0.076,0.106,0.031,0.074,1945511,0.82
DHI,0.34,0.0087,7.4,-0.803,32560.0,2.67,12.36,Residential Construction,Consumer Cyclical,usa,9716.0,0.179,0.259,0.495,0.239,0.148,0.148,1062056,1.64
DHR,0.58,0.0037,4.88,4.656,163960.0,4.48,47.16,Diagnostics & Research,Healthcare,usa,67000.0,0.1219,0.146,0.498,0.105,0.049,0.066,714518,0.67
DVA,5.84,,6.39,8.525,11950.0,8.6,16.73,Medical Care Facilities,Healthcare,usa,67000.0,0.1384,0.386,0.393,0.438,0.044,0.136,182532,1.29
DE,3.26,0.0096,10.94,5.09,117880.0,8.33,34.21,Farm & Heavy Construction Machinery,Industrials,usa,69634.0,0.3401,0.085,-0.125,0.267,0.045,0.069,588739,1.07
XRAY,0.46,0.0062,-0.37,2.307,14130.0,2.82,,Medical Instruments & Supplies,Healthcare,usa,15000.0,0.2408,-0.172,-1.323,-0.017,-0.01,-0.005,320973,0.93
DVN,1.58,0.0282,-6.78,0.0,13980.0,2.92,,Oil & Gas E&P,Energy,usa,1400.0,0.25,0.264,21.333,-0.822,-0.257,-0.31,3504636,3.37
DXCM,0,,4.99,-0.341,35780.0,19.93,75.81,Diagnostics & Research,Healthcare,usa,5500.0,0.236,0.552,3.622,0.352,0.14,0.158,209092,0.75
FANG,0.66,0.0213,-29.74,-5.921,11580.0,1.35,,Oil & Gas E&P,Energy,usa,732.0,0.4963,-0.277,1.405,-0.431,-0.226,-0.312,1082395,2.74
DFS,2.16,0.0177,3.58,5.292,29790.0,3.11,27.76,Credit Services,Financial Services,usa,17600.0,0.0627,-0.069,-0.604,0.12,0.009,0.288,681957,1.78
DISCA,1.47,,1.81,5.879,18990.0,1.96,23.13,Entertainment,Communication Services,usa,9800.0,0.0675,0.116,-0.371,0.092,0.027,0.078,5871103,1.45
DISH,1.14,,3.01,4.339,19590.0,1.44,12.58,Entertainment,Communication Services,usa,13500.0,,0.119,0.159,0.14,0.05,0.064,840142,2.09
DG,0,0.0081,10.61,5.673,49630.0,7.57,19.52,Discount Stores,Consumer Defensive,usa,158000.0,0.1357,0.219,0.6,0.376,0.103,0.26,1018136,0.51
DLTR,0.44,,5.66,3.52,26940.0,3.76,20.65,Discount Stores,Consumer Defensive,usa,60217.0,0.0979,0.349,0.629,0.195,0.065,0.142,653398,0.88
D,1.56,0.0331,1.72,-0.142,61620.0,2.61,44.39,Utilities—Regulated Electric,Utilities,usa,17300.0,0.0278,-0.119,1.199,-0.018,-0.005,0.032,1153012,0.35
DOV,0.92,0.0143,4.7,0.256,19810.0,5.89,29.48,Specialty Industrial Machinery,Industrials,usa,23000.0,0.0951,0.047,0.019,0.215,0.076,0.12,149908,1.36
DOW,1.38,0.0443,1.62,1.235,46610.0,3.77,38.96,Chemicals,Basic Materials,united states of america,35700.0,-0.0543,,1.674,0.097,0.02,0.01,1591673,
DUK,1.36,0.0395,1.72,-3.996,75290.0,1.58,56.82,Utilities—Regulated Electric,Utilities,usa,27535.0,0.0499,-0.148,-0.664,0.028,0.008,0.044,1056378,0.24
DRE,0.66,0.0228,0.8,-0.338,15700.0,3.09,53.61,REIT—Industrial,Real Estate,usa,350.0,0.06,0.085,-0.316,0.059,0.034,0.046,444706,0.51
DD,0.57,0.0159,-3.95,-1.458,39840.0,1.44,,Specialty Chemicals,Basic Materials,united states of america,34000.0,0.298,-0.173,-3.147,-0.077,-0.042,-0.038,1311284,1.62
DXC,1.1,,-11.26,5.539,8120.0,1.41,,Information Technology Services,Technology,usa,138000.0,-0.0882,-0.679,-5.961,-0.586,-0.11,-0.353,595551,2.5
ETN,0.54,0.0217,3.48,0.516,55250.0,3.74,40.14,Specialty Industrial Machinery,Industrials,irl,91987.0,0.1569,-0.037,-0.336,0.098,0.045,0.068,1171883,1.15
EBAY,2.18,0.0116,3.59,0.656,41060.0,12.03,17.33,Internet Retail,Consumer Cyclical,usa,12700.0,0.188,0.173,0.999,1.971,0.296,0.158,1835827,1.2
ECL,1.08,0.0089,3.37,5.661,60990.0,10,64.18,Specialty Chemicals,Basic Materials,usa,44000.0,0.1707,0.003,-0.366,-0.18,-0.063,0.088,358991,0.99
EIX,1.64,0.0439,1.97,-2.625,23010.0,1.61,30.61,Utilities—Regulated Electric,Utilities,usa,13351.0,-0.005,-0.08,-0.475,0.053,0.011,0.041,737737,0.61
EW,0.13,,1.29,0.599,52430.0,11.47,65.19,Medical Devices,Healthcare,usa,14900.0,0.1299,0.117,-0.21,0.199,0.124,0.156,1503569,1.04
EA,0.13,0.0048,4.04,4.713,39950.0,5.15,35.07,Electronic Gaming & Multimedia,Communication Services,usa,9800.0,0.1452,0.308,2.094,0.151,0.102,0.352,1042499,0.9
EMR,0.86,0.0222,3.45,0.798,54510.0,6.13,26.37,Specialty Industrial Machinery,Industrials,usa,83500.0,0.0963,-0.027,-0.128,0.255,0.093,0.135,1554083,1.57
ENPH,0.68,,0.9,1.065,0.01969,40.19,170.71,Solar,Technology,usa,850.0,0.377,0.313,-0.229,0.338,0.124,0.247,1385844,1.24
EOG,0.29,0.0229,-1.05,3.013,40560.0,2.06,,Oil & Gas E&P,Energy,usa,2900.0,0.5835,0.339,-1.222,-0.029,-0.017,-0.016,1820583,2.18
EFX,1.38,0.0085,4.23,-0.472,22310.0,7.06,43.41,Consulting Services,Industrials,usa,11400.0,0.1063,0.036,2.284,0.186,0.059,0.069,173844,1.34
EQR,0.77,0.0336,2.47,1.665,26420.0,2.54,29.04,REIT—Residential,Real Estate,usa,2600.0,0.061,0.008,-0.057,0.087,0.044,0.071,796100,0.8
ESS,1.04,0.0297,8.65,6.911,17990.0,3.06,32.57,REIT—Residential,Real Estate,usa,1763.0,0.079,0.2,0.302,0.093,0.043,,122038,0.74
EL,0.99,0.0071,2.5,1.424,107760.0,20,119.48,Household & Personal Products,Consumer Defensive,usa,48000.0,0.211,-0.08,-0.614,0.205,0.05,0.025,237576,0.93
ETSY,1.5,,2.56,1.601,26300.0,36.57,84.27,Internet Retail,Consumer Cyclical,usa,1414.0,0.366,0.448,2.55,0.597,0.177,0.212,1911031,1.59
ES,1.28,0.0276,3.55,-2.806,29990.0,2.13,24.59,Utilities—Regulated Electric,Utilities,usa,9299.0,0.0705,0.051,0.26,0.088,0.028,0.051,416123,0.32
EXPE,5.44,,-19.03,10.918,24570.0,16.47,,Travel Services,Consumer Cyclical,usa,19100.0,,-0.398,-6.041,-1.504,-0.133,-0.237,1249114,1.79
EXPD,0,0.0096,4.08,4.245,18120.0,6.91,26.62,Integrated Freight & Logistics,Industrials,usa,17480.0,0.042,0.111,0.202,0.298,0.168,0.256,323368,0.8
EXR,2.26,0.0291,3.7,2.402,17900.0,7.08,37.22,REIT—Industrial,Real Estate,usa,4013.0,0.06,0.189,0.147,0.198,0.055,0.079,203156,0.16
XOM,0.43,0.0621,-5.26,1.266,230630.0,1.52,,Oil & Gas Integrated,Energy,usa,72000.0,0.1059,-0.275,-2.651,-0.129,-0.064,-0.111,9742878,1.41
FB,0,,10.09,2.611,879050.0,6.96,31.04,Internet Content & Information,Communication Services,usa,58604.0,0.215,0.508,0.57,0.252,0.2,0.222,9763955,1.29
FAST,0.15,0.0223,1.49,0.339,28370.0,10.55,33.66,Industrial Distribution,Industrials,usa,17836.0,0.0804,0.11,0.084,0.311,0.214,0.277,2118326,1.26
FRT,1.89,0.0403,1.62,0.696,7980.0,3.46,64.97,REIT—Retail,Real Estate,usa,307.0,0.067,-0.091,-0.648,0.054,0.016,0.042,237380,1.14
FDX,1.07,0.0091,11.29,-0.9,75610.0,3.43,25.19,Integrated Freight & Logistics,Industrials,usa,324000.0,0.2941,0.061,1.799,0.15,0.038,0.05,1250208,1.28
FIS,0.41,0.0105,0.25,3.555,90270.0,1.88,593.15,Information Technology Services,Technology,usa,62000.0,0.1397,-0.352,-0.619,0.003,0.002,0.007,1434391,0.84
FITB,0.71,0.0283,1.83,2.266,26740.0,1.3,20.88,Banks—Regional,Financial Services,usa,19872.0,-0.0298,-0.018,-0.451,0.064,0.007,0.123,2202535,1.59
FISV,0.64,,1.4,4.048,80980.0,2.58,88.81,Information Technology Services,Technology,usa,44000.0,0.1881,-0.013,-0.18,0.03,0.013,0.031,1172772,0.91
FLT,1.29,,8.13,12.58,22710.0,7.05,34.84,Information Technology Services,Technology,usa,8400.0,0.1204,0.161,-0.183,0.234,0.064,0.103,107402,1.45
FLIR,0.39,0.0118,1.61,2.427,0.00752,4.02,35.82,Scientific & Technical Instruments,Technology,usa,4179.0,0.064,-0.014,0.277,0.119,0.067,0.09,963980,1.57
FMC,1.1,0.0172,4.43,2.674,0.014249999999999999,4.88,25.15,Agricultural Inputs,Basic Materials,usa,6400.0,0.09,0.388,0.084,0.193,0.055,0.121,233251,1
FTNT,0,,2.91,4.186,31740.0,37.3,67.65,Software—Infrastructure,Technology,usa,8238.0,0.1638,1.299,0.547,0.734,0.137,0.554,339468,1.1
FTV,0.47,0.004,3.85,0.467,23660.0,2.64,18.23,Scientific & Technical Instruments,Technology,usa,17000.0,0.0705,0.09,5.58,0.197,0.092,0.037,1717826,1.16
FOXA,0.73,0.0124,2.53,3.689,21420.0,2.02,14.62,Broadcasting,Communication Services,usa,9000.0,0.0355,,-0.369,0.146,0.07,0.079,1258344,
FOX,,0.0129,2.53,1.984,20910.0,1.93,14.1,Broadcasting,Communication Services,usa,9000.0,0.092,,,,,,321775,
BEN,0,0.037,1.56,0.124,15010.0,1.43,19.37,Asset Management,Financial Services,usa,11400.0,0.0488,-0.135,-0.323,0.076,0.043,0.057,1225196,1.28
FCX,0.95,0.0087,0.4,-0.716,48900.0,4.91,86.36,Copper,Basic Materials,usa,24500.0,0.4008,0.153,3.446,0.064,0.015,0.07,10000134,2.12
GRMN,0,0.0198,5.17,0.977,25850.0,4.7,26.24,Scientific & Technical Instruments,Technology,che,16000.0,0.0637,0.167,0.036,0.196,0.154,0.171,230557,1.06
IT,1.81,,2.96,4.636,0.016139999999999998,15.28,62.96,Information Technology Services,Technology,usa,15600.0,0.0995,0.075,0.156,0.266,0.038,0.126,565796,1.61
GE,2.11,0.003,0.6,-0.065,116820.0,3.31,22.49,Specialty Industrial Machinery,Industrials,usa,174000.0,,0.343,24,0.147,0.02,0.093,47221439,1.09
GIS,1.56,0.0335,4.12,0.978,37420.0,4.22,14.8,Packaged Foods,Consumer Defensive,usa,35000.0,0.0416,0.125,0.234,0.3,0.08,0.12,2059133,0.56
GM,2.44,,4.32,5.217,86080.0,1.92,13.9,Auto Manufacturers,Consumer Cyclical,usa,155000.0,0.1184,-0.06,-0.053,0.149,0.026,0.031,8204937,1.39
GILD,1.73,0.0437,0.06,6.55,79480.0,4.49,1140.7,Drug Manufacturers—General,Healthcare,usa,13600.0,0.0326,-0.618,-0.977,0.006,0.002,0.05,2862687,0.41
GPN,0.35,0.0037,1.95,3.605,60870.0,2.33,109.41,Specialty Business Services,Industrials,usa,24000.0,0.0973,-0.009,-0.101,0.021,0.013,0.022,440752,1.19
GS,8.26,0.0151,24.72,-154.964,113330.0,1.39,13.39,Capital Markets,Financial Services,usa,40500.0,0.1653,0.153,0.177,0.109,0.008,0.012,1489454,1.5
HAL,1.98,0.0084,-3.35,0.092,18570.0,3.81,,Oil & Gas Equipment & Services,Energy,usa,40000.0,0.1551,-0.338,-1.586,-0.531,-0.137,-0.156,2737861,2.92
HBI,4.92,0.0301,-0.33,-0.313,7060.0,8.59,,Apparel Manufacturing,Consumer Cyclical,usa,56000.0,0.0466,-0.182,-1.196,-0.077,-0.009,0.016,1676583,1.52
HAS,1.76,0.0283,1.61,4.114,13310.0,4.57,59.61,Leisure,Consumer Cyclical,usa,6822.0,0.175,-0.146,-0.601,0.081,0.021,0.051,361275,0.97
HCA,54.2,0.0102,10.92,10.093,64100.0,111.27,17.22,Medical Care Facilities,Healthcare,usa,195000.0,0.1225,0.17,0.085,-2.916,0.078,0.188,881220,1.65
HSIC,0.21,,2.81,3.909,9860.0,2.92,24.44,Medical Distribution,Healthcare,usa,19000.0,0.1443,-0.003,-0.402,0.13,0.053,0.109,448886,0.9
HPE,0.97,0.0305,-0.34,1.285,20530.0,1.26,,Communication Equipment,Technology,usa,59400.0,0.1251,-0.168,-1.221,-0.027,-0.008,-0.01,4032441,1.28
HLT,,,-2.58,4.178,34420.0,,,Lodging,Consumer Cyclical,usa,141000.0,-0.0625,-0.244,-1.85,0.569,-0.043,-0.029,452698,1.31
HOLX,0.85,,5.27,0.327,18970.0,5.82,13.95,Medical Instruments & Supplies,Healthcare,usa,5814.0,0.1047,0.561,6.717,0.537,0.195,0.211,730052,1.24
HD,11.29,0.021,11.94,10.139,335910.0,102.42,26.33,Home Improvement Retail,Consumer Cyclical,usa,504800.0,0.0837,0.169,0.165,,0.198,0.349,2396957,1.05
HON,1.28,0.0169,6.71,1.15,153100.0,8.79,32.75,Specialty Industrial Machinery,Industrials,usa,103000.0,0.0881,0.022,-0.163,0.268,0.077,0.122,2169051,1.16
HRL,0.2,0.0208,1.62,1.247,25600.0,3.89,29.11,Packaged Foods,Consumer Defensive,usa,20100.0,0.037,0.055,-0.075,0.14,0.094,0.116,1240285,-0.05
HPQ,,0.0241,2.37,2.629,39990.0,,13.69,Computer Hardware,Technology,usa,53000.0,0.1507,-0.002,-0.007,-1.579,0.094,0.761,3485863,1.03
HBAN,0.77,0.0374,0.69,0.479,0.016139999999999998,1.51,23.13,Banks—Regional,Financial Services,usa,15578.0,-0.0215,-0.03,-0.452,0.067,0.006,0.145,3689445,1.4
HII,0,0.0221,17.12,11.111,8390.0,4.41,12.07,Aerospace & Defense,Industrials,usa,42000.0,0.0038,0.154,0.293,0.392,0.086,0.191,101022,1.01
IEX,0.41,0.0093,4.94,0.951,16120.0,6.5,43.56,Specialty Industrial Machinery,Industrials,usa,7075.0,0.115,0.064,-0.111,0.16,0.091,0.119,334836,1.09
IDXX,1.44,,6.71,-0.255,42940.0,67.61,74.46,Diagnostics & Research,Healthcare,usa,9300.0,0.1609,0.267,0.373,1.601,0.284,0.399,182893,0.86
ITW,2.55,0.0209,6.62,8.382,69130.0,21.74,32.96,Specialty Industrial Machinery,Industrials,usa,43000.0,0.0715,0.052,-0.144,0.802,0.143,0.202,578334,1.11
ILMN,0.25,,4.43,1.639,58760.0,12.64,91.1,Diagnostics & Research,Healthcare,usa,7800.0,0.198,0.074,-0.341,0.141,0.089,0.065,390716,0.97
IR,0.43,,-0.13,1.471,20900.0,2.31,,Specialty Industrial Machinery,Industrials,irl,15900.0,0.1607,0.457,-1.114,-0.004,-0.002,0.005,611403,1.55
INTC,0.45,0.0207,4.94,0.677,270100.0,3.39,13.57,Semiconductors,Technology,usa,110600.0,0.0543,0.162,0.049,0.266,0.14,0.166,14514096,0.66
ICE,0.85,0.0114,3.76,0.835,63860.0,3.34,30.83,Financial Data & Stock Exchanges,Financial Services,usa,8890.0,0.1073,0.106,0.1,0.115,0.016,0.066,840703,0.73
IBM,2.99,0.0483,6.26,4.211,120770.0,5.85,21.59,Information Technology Services,Technology,usa,345900.0,0.0609,-0.144,-0.417,0.272,0.036,0.068,1683873,1.22
IP,1.03,0.0375,1.22,0.927,21370.0,2.74,44.84,Packaging & Containers,Consumer Cyclical,usa,49300.0,0.2583,-0.097,-0.604,0.067,0.015,0.048,848399,1.05
IPG,1.2,0.0367,0.89,-0.83,11450.0,3.97,33.13,Advertising Agencies,Communication Services,usa,50200.0,0.0505,-0.04,-0.468,0.132,0.021,0.081,1545694,1.04
INTU,0.27,0.0057,6.61,8.342,109170.0,12.52,62.21,Software—Application,Technology,usa,10600.0,0.1305,0.368,0.173,0.292,0.163,0.213,631880,1
ISRG,0,,8.8,2.127,90140.0,9.31,87.53,Medical Instruments & Supplies,Healthcare,usa,8081.0,0.0914,0.112,-0.236,0.117,0.102,0.093,188064,1
IPGP,0.01,,2.97,3.593,11990.0,4.76,77.89,Semiconductor Equipment & Materials,Technology,usa,6060.0,0.456,-0.081,-0.114,0.065,0.057,0.058,223275,1.4
IQV,2.11,,1.43,0.115,38210.0,6.51,143.3,Diagnostics & Research,Healthcare,usa,70000.0,0.1485,-0.142,0.495,0.049,0.012,0.035,300607,1.4
JBHT,0.5,0.0067,4.75,1.136,17540.0,6.81,35.27,Integrated Freight & Logistics,Industrials,usa,30309.0,0.2073,0.053,-0.006,0.207,0.089,0.142,213871,1.04
JKHY,0,0.0118,3.89,3.453,11610.0,7.67,39.97,Information Technology Services,Technology,usa,6717.0,0.1002,0.083,0.097,0.194,0.129,0.191,143999,0.58
SJM,0.59,0.0281,8.4,6.879,14070.0,1.75,15.25,Packaged Foods,Consumer Defensive,usa,7300.0,-0.0042,0.155,0.51,0.114,0.057,0.071,413796,0.32
JCI,0.45,0.0179,1.08,0.048,43370.0,2.48,55.71,Engineering & Construction,Industrials,irl,97000.0,0.1431,-0.112,-0.334,0.052,0.023,0.041,2466143,1.11
JPM,1.13,0.0232,8.88,1.877,468790.0,1.92,17.46,Banks—Diversified,Financial Services,usa,255351.0,0.0128,0.081,-0.172,0.115,0.008,0.072,7286570,1.21
KSU,0.93,0.0082,6.55,1.145,23550.0,5.91,40.04,Railroads,Industrials,usa,6522.0,0.1649,0.083,0.211,0.142,0.061,0.102,761686,1.08
K,2.4,0.0363,3.72,0.816,21720.0,7.04,17.17,Packaged Foods,Consumer Defensive,usa,31000.0,0.0293,0.166,0.329,0.428,0.068,0.14,1628320,0.66
KEY,0.85,0.0364,1.25,2.862,19240.0,1.22,16.21,Banks—Regional,Financial Services,usa,17785.0,0.114,0.035,-0.219,0.078,0.007,0.094,5989511,1.55
KEYS,0,,3.38,4.67,26830.0,7.61,42.83,Scientific & Technical Instruments,Technology,usa,14000.0,0.1241,0.02,0.02,0.192,0.089,0.124,335402,0.95
KIM,0.95,0.0366,2.25,1.1,8220.0,1.49,8.62,REIT—Retail,Real Estate,usa,484.0,0.046,0.024,1.813,0.181,0.084,0.029,1252188,1.5
KMI,1.1,0.0624,0.05,0.2,37670.0,1.21,358.09,Oil & Gas Midstream,Energy,usa,10524.0,0.0114,-0.147,-0.951,0.003,0.001,0.016,6470848,1.14
KLAC,1.18,0.0102,8.76,6.55,51900.0,18.6,40.42,Semiconductor Equipment & Materials,Technology,usa,10600.0,0.1581,0.281,0.045,0.513,0.147,0.225,436999,1.27
KHC,0.56,0.0392,0.21,0.066,49880.0,1,196.2,Packaged Foods,Consumer Defensive,usa,38000.0,-0.0288,0.247,-0.858,0.007,0.004,0.017,3591591,1.14
LB,,,2.89,2.814,18200.0,,22.58,Apparel Retail,Consumer Cyclical,usa,22400.0,0.1403,-0.066,3.265,-0.563,0.079,0.223,1957275,1.79
LRCX,1.06,0.0078,20.16,3.373,88880.0,17.46,33.14,Semiconductor Equipment & Materials,Technology,usa,12200.0,0.2297,0.325,0.102,0.575,0.205,0.214,697594,1.31
LW,6.73,0.0121,2.01,0.347,11270.0,27.82,38.58,Packaged Foods,Consumer Defensive,usa,7700.0,0.0905,0.064,-0.213,0.946,0.071,0.118,498001,0.78
LVS,4.71,,-2.21,-0.902,46970.0,16.09,,Resorts & Casinos,Consumer Cyclical,usa,44500.0,-0.0625,-0.237,-1.63,-0.469,-0.08,-0.097,2228851,1.49
LEG,1.37,0.0344,1.82,3.989,6080.0,4.55,25.55,"Furnishings, Fixtures & Appliances",Consumer Cyclical,usa,20400.0,0.052,-0.043,-0.261,0.193,0.052,0.099,299699,1.5
LEN,0.41,0.0098,7.19,1.211,30540.0,1.76,14.22,Residential Construction,Consumer Cyclical,usa,9495.0,0.107,0.179,0.368,0.132,0.076,0.097,1137024,1.52
LLY,2.94,0.0186,6.79,0.137,176610.0,29.41,26.9,Drug Manufacturers—General,Healthcare,usa,35000.0,0.116,0.246,0.369,1.404,0.143,0.226,1212948,0.26
LYV,,,-8.11,0.696,18230.0,,,Entertainment,Communication Services,usa,8200.0,,0.225,0.587,,-0.153,-0.366,1044156,1.43
LKQ,0.51,,2.09,2.657,13030.0,2.35,20.88,Auto Parts,Consumer Cyclical,usa,44000.0,0.335,0.088,0.204,0.121,0.052,0.085,810628,1.67
LMT,2.02,0.0269,24.49,7.207,107680.0,17.95,15.76,Aerospace & Defense,Industrials,usa,114000.0,0.0608,0.198,0.116,1.505,0.136,0.401,894030,0.98
LOW,15.16,0.0124,7.74,3.881,138470.0,99.09,25.1,Home Improvement Retail,Consumer Cyclical,usa,220000.0,0.1374,0.232,0.412,2.007,0.119,0.288,2108087,1.36
MTB,0.29,0.0288,9.96,16.516,19460.0,1.31,15.35,Banks—Regional,Financial Services,usa,16718.0,0.134,0.067,-0.277,0.087,0.009,0.179,626595,1.19
MRO,0,0.011,-1.83,0.246,7790.0,0.82,,Oil & Gas E&P,Energy,usa,1672.0,,0.061,-4.092,-0.13,-0.077,-0.077,13066270,3.24
MPC,1.42,0.0435,-16.98,6.364,33350.0,1.56,,Oil & Gas Refining & Marketing,Energy,usa,57900.0,-0.0676,-0.392,-7.168,-0.425,-0.116,-0.182,1998365,2.17
MKTX,0,0.005,7.85,2.93,19320.0,20.82,67.71,Capital Markets,Financial Services,usa,606.0,0.1047,0.252,0.454,0.342,0.261,0.314,102759,0.4
MMC,1.24,0.0149,3.94,-1.497,62740.0,6.94,31.67,Insurance Brokers,Financial Services,usa,76000.0,0.0894,0.057,0.155,0.243,0.062,0.114,551040,0.88
MLM,0.45,0.0067,11.55,9.162,21410.0,3.61,29.59,Building Materials,Basic Materials,usa,8700.0,0.0885,0.219,0.185,0.128,0.069,0.098,220243,0.64
MA,1.98,0.0047,6.38,1.642,367740.0,59.02,59.25,Credit Services,Financial Services,usa,21000.0,0.1491,0.137,-0.195,1.066,0.2,0.353,1410242,1.18
MXIM,0.52,0.0199,2.67,0.717,24790.0,13.4,36.13,Semiconductors,Technology,usa,7115.0,0.1844,0.275,-0.21,0.418,0.196,0.25,805667,1.22
MKC,1.35,0.0152,2.84,0.047,23920.0,5.77,31.59,Packaged Foods,Consumer Defensive,usa,13000.0,0.06,0.123,0.062,0.195,0.066,0.093,413676,0.47
MCD,,0.0224,6.3,7.756,170850.0,,36.52,Restaurants,Consumer Cyclical,usa,200000.0,0.182,0.056,-0.21,-0.54,0.093,0.2,1798836,0.62
MDT,0.6,0.0192,2.11,4.362,162560.0,3.2,57.1,Medical Devices,Healthcare,irl,90000.0,0.0908,0.077,0.023,0.057,0.031,0.067,2736140,0.77
MRK,1.26,0.0344,2.78,3.915,191010.0,7.54,27.16,Drug Manufacturers—General,Healthcare,usa,73000.0,0.087,0.122,-0.28,0.261,0.079,0.108,4551398,0.43
MET,0.24,0.03,5.65,14.991,53510.0,0.74,10.85,Insurance—Life,Financial Services,usa,,0.042,0.105,-0.062,0.071,0.007,0.068,2151816,1.33
MTD,4.72,,24.95,20.659,27660.0,100.87,48.35,Diagnostics & Research,Healthcare,usa,14900.0,0.138,0.148,0.109,1.627,0.216,0.373,44351,0.99
MGM,1.94,0.0002,-2.03,-1.001,19960.0,3.2,,Resorts & Casinos,Consumer Cyclical,usa,45000.0,,-0.196,-1.52,-0.138,-0.027,-0.024,3255847,2.47
MCHP,1.73,0.0096,1.27,6.122,42220.0,8.05,126.99,Semiconductors,Technology,usa,18000.0,0.118,0.062,0.508,0.061,0.02,0.07,546139,1.72
MU,0.16,,2.82,-0.05,101750.0,2.62,33.8,Semiconductors,Technology,usa,40000.0,0.3773,-0.008,-0.569,,,0.061,9476954,1.29
MSFT,0.55,0.0088,6.71,1.807,1858210.0,14.69,37.72,Software—Infrastructure,Technology,usa,163000.0,0.167,0.313,0.134,0.422,0.172,0.231,15372256,0.79
MAA,0.78,0.028,2.19,3.272,0.016489999999999998,2.85,66.71,REIT—Residential,Real Estate,usa,2530.0,0.07,-0.13,-0.259,0.042,0.023,0.04,233408,0.64
MHK,0.32,,7.21,12.132,13520.0,1.66,27.54,"Furnishings, Fixtures & Appliances",Consumer Cyclical,usa,42000.0,0.04,-0.028,-0.299,0.064,0.038,0.05,279909,1.57
TAP,0.67,,-4.38,-1.115,11040.0,0.9,,Beverages—Brewers,Consumer Defensive,usa,17000.0,0.0274,-0.325,-4.928,-0.074,-0.034,-0.035,1185024,1.13
MDLZ,0.73,0.0214,2.47,0.049,83410.0,3.05,23.89,Confectioners,Consumer Defensive,usa,79000.0,0.0945,-0.111,-0.086,0.134,0.054,0.051,2869599,0.66
MNST,0,,2.64,1.853,50180.0,9.75,36.14,Beverages—Non-Alcoholic,Consumer Defensive,usa,3013.0,0.1535,0.227,0.3,0.315,0.257,0.274,633365,1.09
MCO,0,0.0079,9.39,1.728,57130.0,37.45,33.33,Financial Data & Stock Exchanges,Financial Services,usa,11490.0,0.0994,0.152,0.266,1.517,0.152,0.242,297588,1.16
MS,6.33,0.0175,6.44,24.086,149730.0,1.54,12.45,Capital Markets,Financial Services,usa,68000.0,0.0403,0.173,0.246,0.128,0.011,0.016,6974476,1.56
MSI,,0.0149,5.45,9.496,32140.0,,34.92,Communication Equipment,Technology,usa,18000.0,0.0588,0.114,0.103,-1.228,0.09,0.239,281689,0.79
NDAQ,0.86,0.0128,5.59,5.1,24730.0,3.93,27.46,Financial Data & Stock Exchanges,Financial Services,usa,4830.0,0.0646,0.175,0.206,0.158,0.06,0.08,344686,0.85
NTAP,5.51,0.0261,2.63,4.598,16180.0,34.43,27.96,Computer Hardware,Technology,usa,10800.0,0.0766,0.15,-0.221,,,0.424,684568,1.3
NFLX,1.47,,5.89,0.368,237530.0,22.17,94.17,Entertainment,Communication Services,usa,9400.0,0.4443,0.838,0.529,0.282,0.074,0.148,1960361,0.79
NWL,1.45,0.0343,-1.82,-0.083,11300.0,2.94,,Household & Personal Products,Consumer Defensive,usa,31000.0,0.0204,-0.313,-5.136,-0.212,-0.053,-0.044,1242290,0.97
NWSA,0.15,0.0075,-1.47,0.784,15000.0,1.94,,Broadcasting,Communication Services,usa,23500.0,0.4901,-0.442,-9.187,-0.111,-0.059,-0.175,1285754,1.61
NEE,1.32,0.0198,1.53,0.903,152080.0,4.18,50.89,Utilities—Regulated Electric,Utilities,usa,14900.0,0.0858,0.002,-0.231,0.079,0.024,0.043,3143616,0.17
NLSN,4.05,0.0094,-0.02,-0.328,9070.0,4.45,,Consulting Services,Industrials,usa,43000.0,0.053,-0.15,0.986,-0.003,0,0.039,721172,1.47
NKE,0.89,0.0082,2.12,0.582,211320.0,19.78,63.12,Footwear & Accessories,Consumer Cyclical,usa,75400.0,0.3455,-0.029,-0.359,0.291,0.086,0.133,3790869,0.88
NI,2,0.0357,-0.19,-0.585,9680.0,1.96,,Utilities—Regulated Gas,Utilities,usa,7301.0,0.0437,-0.184,-1.217,-0.015,-0.003,0.022,1290733,0.29
NSC,0.86,0.0148,7.85,2.916,66770.0,4.58,34.11,Railroads,Industrials,usa,19100.0,0.143,0.09,-0.235,0.135,0.053,0.09,628758,1.3
NTRS,14.14,0.0263,5.46,-13.489,22040.0,2.05,19.51,Asset Management,Financial Services,usa,20900.0,0.0683,0.065,-0.176,0.109,0.007,0.007,284162,1.1
NOC,1.42,0.0173,19.03,-7.543,56280.0,5.31,17.66,Aerospace & Defense,Industrials,usa,97000.0,0.0544,0.129,0.439,0.32,0.073,0.138,534590,0.81
NCLH,2.71,,-16.8,0.863,11220.0,2.07,,Travel Services,Consumer Cyclical,usa,34300.0,,-0.6,-4.666,-0.936,-0.23,-0.218,15242819,2.88
NOV,0.4,,-7.38,-0.076,5030.0,0.99,,Oil & Gas Equipment & Services,Energy,usa,27631.0,0.189,-0.3,0.538,-0.47,-0.247,-0.338,2325105,2.3
NUE,0.5,0.0204,2.37,4.531,23890.0,2.24,33.61,Steel,Basic Materials,usa,26400.0,0.0765,0.571,-0.429,0.069,0.038,0.062,2905817,1.43
NVDA,0.41,0.0011,6.89,7.015,343140.0,21.02,83.15,Semiconductors,Technology,usa,18975.0,0.2519,0.449,0.525,0.293,0.166,0.187,3078324,1.37
NVR,0.49,,229.2,232.273,17190.0,5.69,20.72,Residential Construction,Consumer Cyclical,usa,6100.0,0.048,0.207,0.041,0.326,0.181,0.204,11680,1.01
NXPI,0,0.0108,0.12,1.318,56080.0,6.56,1729.01,Semiconductors,Technology,nld,29000.0,0.1677,-0.504,-0.784,0.006,0.003,0.027,1111199,1.48
OXY,4.11,0.0016,-15.63,0.826,22440.0,2.62,,Oil & Gas E&P,Energy,usa,11800.0,-0.0515,-0.08,0.67,-1.161,-0.176,-0.231,7511017,2.53
ODFL,0,0.0033,5.68,4.237,28260.0,8.63,43.12,Trucking,Industrials,usa,19779.0,0.1589,0.19,0.112,0.215,0.162,0.198,358264,1.03
OMC,1.88,0.0362,4.37,-4.73,16230.0,5.4,17.69,Advertising Agencies,Communication Services,usa,64100.0,0.098,-0.004,-0.279,0.357,0.039,0.134,916377,0.92
OKE,2.36,0.0741,1.37,-1.272,22150.0,3.72,36.94,Oil & Gas Midstream,Energy,usa,2886.0,-0.016,0.035,-0.539,0.102,0.027,0.057,1382745,1.97
PCAR,0,0.0138,3.74,2.564,32540.0,3.1,24.84,Farm & Heavy Construction Machinery,Industrials,usa,26000.0,0.2224,-0.037,-0.456,0.13,0.048,0.066,608980,1.03
PH,1.02,0.0111,10.99,12.329,41000.0,5.78,28.97,Specialty Industrial Machinery,Industrials,usa,50520.0,0.1373,0.059,-0.198,0.22,0.072,0.083,313650,1.81
PAYX,0.28,0.0258,2.93,1.272,34380.0,11.96,32.76,Staffing & Employment Services,Industrials,usa,15600.0,0.045,0.104,0.062,0.378,0.121,0.313,895113,0.91
PAYC,0.05,,2.46,0.977,0.02241,33.34,153.83,Software—Application,Technology,usa,4218.0,0.191,0.471,-0.204,0.232,0.062,0.209,147491,1.4
PYPL,0,,3.54,3.3,303890.0,15.5,74.76,Credit Services,Financial Services,usa,26500.0,0.2224,0.288,0.71,0.233,0.066,0.084,4777100,1.15
PNR,0.4,0.0132,2.13,-1.079,0.01009,4.8,28.5,Specialty Industrial Machinery,Industrials,gbr,9750.0,0.079,-0.006,0.005,0.179,0.085,0.131,752521,1.18
PBCT,0,0.0403,0.48,0.433,0.00752,1.02,37.17,Banks—Regional,Financial Services,usa,5640.0,0.1373,-0.108,-0.618,0.027,0.003,0.16,1590718,1.23
PEP,3.28,0.0287,5.12,-0.883,196950.0,14.62,27.87,Beverages—Non-Alcoholic,Consumer Defensive,usa,291000.0,0.092,0.069,-0.015,0.538,0.079,0.138,2937802,0.62
PKI,0.53,0.0021,6.48,2.584,14560.0,3.94,20.29,Diagnostics & Research,Healthcare,usa,14000.0,0.172,0.313,2.124,0.229,0.105,0.14,236384,1.14
PFE,0.63,0.0434,1.25,1.795,200200.0,3.07,28.79,Drug Manufacturers—General,Healthcare,usa,78500.0,0.1007,0.022,-0.331,0.149,0.057,0.076,23439842,0.71
PM,,0.0537,5.16,0.604,140470.0,,17.35,Tobacco,Consumer Defensive,usa,71000.0,0.1142,0.031,0.12,-0.648,0.2,0.49,2967477,0.84
PSX,0.84,0.0459,-9.04,-1.6,33600.0,1.81,,Oil & Gas Refining & Marketing,Energy,usa,14300.0,-0.0775,-0.26,-2.32,-0.197,-0.073,-0.131,2271333,1.71
PNW,1.15,0.0406,4.43,-1.459,9170.0,1.64,18.49,Utilities—Regulated Electric,Utilities,usa,6026.0,0.035,0.025,0.205,0.098,0.028,0.054,348629,0.29
PXD,0.29,0.015,-1.23,-0.629,0.031239999999999997,2.13,,Oil & Gas E&P,Energy,usa,1853.0,,0.075,-1.263,-0.017,-0.011,0.015,1560432,1.97
PNC,0.62,0.0258,6.38,16.472,74670.0,1.4,27.93,Banks—Regional,Financial Services,usa,49549.0,-0.0162,-0.03,-0.335,0.139,0.016,0.109,683869,1.39
POOL,0.65,0.0064,8.99,0.284,0.014249999999999999,22.68,40.14,Leisure,Consumer Cyclical,usa,4500.0,0.17,0.254,0.402,0.711,0.218,0.359,137560,0.73
PPL,1.85,0.0578,1.91,-0.9,22140.0,1.65,15.05,Utilities—Regulated Electric,Utilities,usa,12318.0,,-0.044,-0.194,0.11,0.031,0.06,2372893,0.78
PFG,0.26,0.0365,5.04,5.737,0.016489999999999998,1.02,12.17,Insurance—Diversified,Financial Services,usa,17400.0,0.0977,0.045,0.017,0.092,0.005,0.068,663515,1.65
PG,0.66,0.023,5.29,1.275,340890.0,7.19,25.94,Household & Personal Products,Consumer Defensive,usa,99000.0,0.0913,0.118,2.467,0.294,0.113,0.161,3686860,0.43
PGR,0.33,0.0042,9.67,10.194,55610.0,3.36,9.83,Insurance—Property & Casualty,Financial Services,usa,43326.0,-0.0401,0.35,0.439,0.354,0.094,0.27,1490589,0.47
PRU,0.31,0.0495,-1.02,48.818,36120.0,0.55,,Insurance—Life,Financial Services,usa,41671.0,0.0634,-0.158,-1.099,-0.006,0,-0.003,1592968,1.68
PEG,1.08,0.0333,3.76,0.423,0.031239999999999997,1.93,16.32,Utilities—Diversified,Utilities,usa,12788.0,0.0255,0.026,0.125,0.122,0.039,0.056,971749,0.55
PSA,0.6,0.0312,6.29,2.051,43960.0,9.4,40.83,REIT—Industrial,Real Estate,usa,5400.0,0.17,0.007,-0.138,0.227,0.093,0.185,268879,0.07
PHM,0.48,0.0105,5.18,0.683,13780.0,2.16,10.25,Residential Construction,Consumer Cyclical,usa,5249.0,0.138,0.306,0.416,0.231,0.121,0.144,1782134,1.44
QRVO,0.39,,4.17,4.733,20760.0,4.89,46.37,Semiconductors,Technology,usa,7900.0,0.165,0.059,2.074,0.111,0.069,0.046,633938,1.42
QCOM,2.13,0.0185,5.86,0.648,153410.0,21.56,23.97,Semiconductors,Technology,usa,41000.0,0.2448,0.071,0.258,1.359,0.196,0.243,4138182,1.35
PWR,0.27,0.0026,3.07,2.027,12490.0,2.96,29.79,Engineering & Construction,Industrials,usa,35800.0,0.1496,0.378,0.126,0.11,0.054,0.087,665095,1.25
DGX,0.59,0.0196,10.45,6.934,16760.0,2.51,12.12,Diagnostics & Research,Healthcare,usa,40000.0,0.0922,0.166,0.707,0.231,0.107,0.138,681141,1.03
RJF,4.21,0.0124,6.17,3.113,16790.0,2.34,20.42,Capital Markets,Financial Services,usa,14800.0,0.1126,0.112,-0.187,0.122,0.018,0.022,784813,1.25
O,0.8,0.0431,1.15,-8.002,23820.0,2.07,57.08,REIT—Retail,Real Estate,usa,208.0,0.0545,0.011,-0.171,0.037,0.02,0.016,1175400,0.72
REG,0.66,0.041,0.26,2.008,9700.0,1.65,220.61,REIT—Retail,Real Estate,usa,431.0,0.091,-0.279,-0.814,0.007,0.004,,729627,1.1
REGN,0,,30.68,18.319,50840.0,4.56,15.53,Biotechnology,Healthcare,usa,9123.0,0.1111,0.408,0.653,0.332,0.222,0.239,526581,0.19
RF,0.22,0.0295,1.03,2.415,19840.0,1.23,20.48,Banks—Regional,Financial Services,usa,19406.0,,0.063,-0.315,0.061,0.007,0.117,4668011,1.57
RMD,0.29,0.0079,4.78,1.453,28640.0,10,41.23,Medical Instruments & Supplies,Healthcare,usa,7770.0,0.221,0.115,0.502,0.271,0.153,0.186,237373,0.32
RHI,0,0.0189,2.7,3.979,9120.0,7.46,29.7,Staffing & Employment Services,Industrials,usa,13000.0,0.027,0.001,-0.308,0.261,0.125,0.253,505745,1.58
ROK,1.37,0.0164,11.17,1.717,30550.0,19.45,23.38,Specialty Industrial Machinery,Industrials,usa,23500.0,0.106,0.075,0.505,1.312,0.177,0.338,332290,1.38
ROL,0.22,0.0092,0.53,0.26,17000.0,18.3,65.84,Personal Services,Consumer Cyclical,usa,15616.0,0.082,0.114,0.287,0.295,0.144,0.234,393670,0.49
ROST,0.76,0.0089,0.22,4.508,45210.0,13.66,574.1,Apparel Retail,Consumer Cyclical,usa,93700.0,0.4674,-0.374,-0.948,0.028,0.007,0.029,850309,1.03
RCL,2.21,,-27.11,3.3,22580.0,2.3,,Travel Services,Consumer Cyclical,usa,84900.0,,-0.614,-4.022,-0.639,-0.177,-0.167,1834037,2.9
SPGI,0,0.0084,9.66,2.763,85700.0,172.46,37.83,Financial Data & Stock Exchanges,Financial Services,usa,23000.0,0.1183,0.181,0.124,,0.205,0.572,1006467,0.94
CRM,0,,4.42,4.449,200250.0,4.96,50.84,Software—Application,Technology,usa,56606.0,0.1292,1.293,-0.303,0.105,0.069,0.045,5705216,1.09
SLB,1.4,0.0185,-7.58,0.129,36610.0,3.12,,Oil & Gas Equipment & Services,Energy,usa,86000.0,0.4184,-0.461,-0.034,-0.815,-0.234,-0.348,7026517,2.44
STX,5.2,0.0335,3.83,0.996,18060.0,20.1,20.9,Computer Hardware,Technology,irl,42000.0,0.0675,-0.064,-0.463,0.619,0.111,0.213,1596875,1.16
SRE,1.2,0.033,6.39,-2.231,40540.0,1.9,20.82,Utilities—Diversified,Utilities,usa,14706.0,0.061,0.04,0.092,0.191,0.056,0.051,732945,0.65
NOW,0.58,,0.59,2.147,101370.0,35.65,888.2,Software—Application,Technology,usa,13096.0,0.2437,0.197,-0.816,0.046,0.016,0.027,1097729,0.94
SHW,2.3,0.0087,22.08,-0.568,66820.0,18.87,11.48,Specialty Chemicals,Basic Materials,usa,61031.0,0.1013,0.147,0.339,0.542,0.099,0.169,1153517,1.06
SPG,8.92,0.0455,3.59,9.554,37060.0,12.07,31.82,REIT—Retail,Real Estate,usa,2400.0,0.086,-0.094,-0.473,0.502,0.033,0.066,1238440,1.55
SNA,0.38,0.021,11.45,3.6,12700.0,3.31,20.46,Tools & Accessories,Industrials,usa,12300.0,0.0795,0.072,-0.078,0.176,0.102,0.131,202618,1.3
SO,1.76,0.0407,2.93,-0.763,66240.0,2.38,21.48,Utilities—Regulated Electric,Utilities,usa,27700.0,0.065,0.025,-0.349,0.112,0.026,0.056,1617928,0.42
LUV,1.16,,-5.3,-1.167,37340.0,4.23,,Airlines,Industrials,usa,56500.0,,-0.297,-2.292,-0.319,-0.093,-0.137,3067074,1.26
SWK,0.44,0.014,7.71,-3.247,32260.0,3.27,25.87,Tools & Accessories,Industrials,usa,53100.0,0.0993,0.056,0.223,0.141,0.052,0.104,532454,1.45
STT,0,0.0246,6.32,11.096,29370.0,1.26,13.36,Asset Management,Financial Services,usa,39439.0,0.1522,0.072,0.176,0.1,0.007,0.036,1360478,1.62
STE,0,0.0081,5.03,4.201,16650.0,4.37,39.37,Medical Instruments & Supplies,Healthcare,gbr,13000.0,0.1,0.162,0.338,0.12,0.076,0.098,332028,0.52
SYK,1.07,0.0101,4.2,1.193,94280.0,7.18,59.48,Medical Devices,Healthcare,usa,43000.0,0.1239,0.022,-0.233,0.123,0.05,0.069,783674,0.95
SIVB,0.11,,22.84,21.305,26970.0,3.22,21.46,Banks—Regional,Financial Services,usa,4461.0,0.08,0.281,0.052,0.164,0.013,0.171,218782,2.05
SNPS,0.03,,4.62,3.991,38760.0,8.15,56.51,Software—Infrastructure,Technology,usa,15036.0,0.115,0.244,0.236,0.155,0.093,0.128,401232,1.07
SYY,9.7,0.0223,-0.67,3.366,41540.0,28.79,,Food Distribution,Consumer Defensive,usa,57000.0,0.2294,-0.183,-0.87,-0.228,-0.015,0.039,969222,1.42
TROW,0,0.0245,10.02,3.26,39590.0,5.19,17.61,Asset Management,Financial Services,usa,7678.0,0.1305,0.166,0.147,0.329,0.237,0.263,696457,1.18
TTWO,0,,4.27,6.862,20740.0,6.69,42.98,Electronic Gaming & Multimedia,Communication Services,usa,5800.0,0.1721,0.247,0.24,0.175,0.089,0.146,731106,0.6
TPR,0.62,,-1.92,1.788,0.0121,4.16,,Luxury Goods,Consumer Cyclical,usa,12400.0,0.4812,-0.293,-2.077,-0.167,-0.054,-0.126,2519350,1.52
TGT,0.88,0.0134,8.65,8.129,100110.0,7.05,23.53,Discount Stores,Consumer Defensive,usa,409000.0,0.0994,0.105,0.363,0.339,0.09,0.179,2351778,1.01
TEL,0.43,0.0153,0.29,5.077,42770.0,4.4,451.52,Electronic Components,Technology,che,80000.0,0.11,-0.177,-1.136,0.012,0.006,-0.018,572213,1.37
TDY,0.24,,10.6,1.536,15370.0,4.76,39.55,Scientific & Technical Instruments,Technology,usa,10670.0,0.128,0.143,-0.012,0.135,0.084,0.103,162323,1.11
TFX,0.74,0.0032,7.1,-0.667,19680.0,5.87,59.17,Medical Instruments & Supplies,Healthcare,usa,14000.0,0.11,0.076,-0.276,0.105,0.049,0.069,77238,1.2
TER,0.19,0.003,4.28,2.606,21070.0,10.06,31.26,Semiconductor Equipment & Materials,Technology,usa,5500.0,0.1277,0.346,0.645,0.418,0.238,0.31,924700,1.32
TSLA,0.53,,0.62,-5.033,656350.0,29.26,1099.36,Auto Manufacturers,Consumer Cyclical,usa,70757.0,0.321,0.197,1.65,0.048,0.016,0.05,20411867,2.01
TXN,0.74,0.0209,5.97,0.741,177290.0,19.56,32.7,Semiconductors,Technology,usa,30000.0,0.1,0.162,0.14,0.677,0.308,0.342,1948889,1.07
TXT,0.75,0.0014,1.35,-1.952,12920.0,2.26,43.01,Aerospace & Defense,Industrials,usa,33000.0,0.2376,-0.116,-0.615,0.055,0.02,0.038,457103,1.77
BK,0.64,0.0258,3.83,-1.186,41930.0,1.04,12.54,Asset Management,Financial Services,usa,48500.0,0.1285,0.072,-0.151,0.086,0.008,0.027,2514293,1.07
CLX,2.35,0.023,9.54,2.077,24270.0,20.56,20.21,Household & Personal Products,Consumer Defensive,usa,8800.0,0.0507,0.1,0.164,1.256,0.191,0.254,1191038,0.2
COO,0.3,0.0002,45.26,8.524,18660.0,3.12,8.42,Medical Instruments & Supplies,Healthcare,usa,12000.0,0.1,0.03,-0.479,0.523,0.311,0.051,229471,0.82
HSY,2.06,0.0201,6.11,0.706,33040.0,14.94,26.22,Confectioners,Consumer Defensive,usa,15200.0,0.076,0.213,0.119,0.662,0.141,0.21,545587,0.34
MOS,0.48,0.0064,1.64,-0.461,11900.0,1.23,18.89,Agricultural Inputs,Basic Materials,usa,12617.0,0.07,-0.095,1.606,0.076,0.035,0.068,4229497,1.85
TRV,0.22,0.0226,10.49,2.469,37870.0,1.31,14.33,Insurance—Property & Casualty,Financial Services,usa,29988.0,0.0522,-0.007,0.06,0.098,0.023,0.085,1094114,0.77
DIS,0.69,,-2.72,1.045,332030.0,4.04,,Entertainment,Communication Services,usa,175000.0,0.4853,-0.183,-1.251,,,-0.019,5309778,1.21
TMO,0.63,0.0022,15.98,0.27,185710.0,5.41,29.51,Diagnostics & Research,Healthcare,usa,80000.0,0.0412,0.265,0.738,0.204,0.101,0.123,1145269,0.77
TJX,1.04,0.0151,0.05,2.354,83090.0,14.23,1327.5,Apparel Retail,Consumer Cyclical,usa,320000.0,0.6331,-0.463,-0.972,0.017,0.003,0.023,4580216,0.98
TSCO,0.53,0.0118,6.39,4.984,20590.0,10.69,27.66,Specialty Retail,Consumer Cyclical,usa,20000.0,0.1108,0.163,0.369,0.437,0.113,0.264,818010,1.03
TDG,,,6.88,16.242,32810.0,,89.59,Aerospace & Defense,Industrials,usa,14200.0,0.1548,0.008,-0.37,-0.092,0.021,0.102,139440,1.65
TRMB,0.43,,1.54,2.057,19440.0,5.61,52.11,Scientific & Technical Instruments,Technology,usa,11402.0,0.1,0.27,-0.24,0.118,0.058,0.081,1155024,1.54
TWTR,0.44,,-1.45,1.013,56670.0,7.09,,Internet Content & Information,Communication Services,usa,5500.0,0.0043,-0.129,-1.773,-0.141,-0.086,-0.093,14686593,0.83
TSN,0.73,0.0233,5.43,3.455,27630.0,1.77,14.06,Farm Products,Consumer Defensive,usa,139000.0,0.0445,0.138,0.044,0.131,0.057,0.095,1520389,0.84
USB,0.85,0.0296,3.06,3.092,84520.0,1.82,18.55,Banks—Regional,Financial Services,usa,68108.0,0.06,-0.007,-0.264,0.1,0.008,0.091,5983159,1.16
UDR,1.56,0.033,0.2,-3.33,12900.0,4.06,216.6,REIT—Residential,Real Estate,usa,1263.0,,-0.088,-0.678,0.018,0.006,0.03,1494346,0.73
ULTA,0,,3.1,13.879,17730.0,9.02,103.24,Specialty Retail,Consumer Cyclical,usa,16000.0,0.418,-0.09,-0.744,0.095,0.034,0.091,652553,1.71
UAA,0,,-1.25,0.805,9550.0,6.18,,Apparel Manufacturing,Consumer Cyclical,usa,7000.0,-0.045,-0.26,-7.115,-0.359,-0.111,-0.186,7400531,1.24
UNP,1.58,0.0176,7.88,1.97,147620.0,8.73,27.96,Railroads,Industrials,usa,30960.0,0.1291,0.075,-0.06,0.321,0.085,0.142,2382521,1.15
UAL,4.56,,-25.36,9.409,18840.0,2.96,,Airlines,Industrials,usa,74400.0,,-0.337,-3.185,-0.915,-0.124,-0.139,10840512,1.7
UPS,37.53,0.0236,1.54,2.709,149290.0,227.66,112.2,Integrated Freight & Logistics,Industrials,usa,273510.0,0.1006,-0.22,-0.698,0.386,0.022,0.284,2560510,1.01
UNH,0.66,0.0137,16.03,17.237,349640.0,5.29,22.77,Healthcare Plans,Healthcare,usa,330000.0,0.1241,0.217,0.119,0.245,0.08,0.16,2463516,0.77
UHS,0.61,0.0058,11.01,9.062,11560.0,1.84,12.43,Medical Care Facilities,Healthcare,usa,68100.0,0.0604,0.102,0.204,0.161,0.075,0.104,320440,1.18
UNM,0.31,0.0419,3.89,7.712,5490.0,0.51,7,Insurance—Life,Financial Services,usa,10300.0,0.0137,0.022,-0.258,0.075,0.012,0.069,1899034,1.75
VLO,0.78,0.0538,-3.5,-1.62,28330.0,1.58,,Oil & Gas Refining & Marketing,Energy,usa,9964.0,-0.13,-0.195,-1.601,-0.074,-0.029,-0.02,3426906,2.19
VTR,1.14,0.0328,1.16,0.179,20170.0,1.97,47.21,REIT—Healthcare Facilities,Real Estate,usa,448.0,-0.005,0.001,-0.004,0.042,0.018,0.03,2455205,1.3
VRSN,,,7.05,1.453,22800.0,,29.04,Software—Infrastructure,Technology,usa,907.0,0.08,0.202,-0.024,-0.584,0.459,2.239,760408,0.8
VRSK,1.19,0.0064,4.31,4.522,28990.0,10.92,42.03,Consulting Services,Industrials,usa,8960.0,0.1032,0.083,0.596,0.304,0.099,0.144,785382,0.77
VZ,1.9,0.0436,4.3,0.858,237740.0,3.52,13.4,Telecom Services,Communication Services,usa,132200.0,0.0329,-0.003,-0.076,0.278,0.059,0.109,13837112,0.46
VFC,1.94,0.0236,-0.95,3.435,32730.0,10.32,,Apparel Manufacturing,Consumer Cyclical,usa,48000.0,0.0989,-0.138,-0.409,-0.054,-0.013,0.09,2819178,1.42
V,0.62,0.0058,4.35,6.017,460540.0,12.88,50.77,Credit Services,Financial Services,usa,20500.0,0.1385,0.109,-0.186,0.333,0.133,0.202,5692463,0.98
VNO,1.38,0.0467,-1.82,4.594,8500.0,1.62,,REIT—Office,Real Estate,usa,2899.0,0.1733,-0.225,-1.113,-0.062,-0.02,-0.005,1052385,1.42
VMC,0.55,0.0087,4.41,4.707,22920.0,3.75,38.6,Building Materials,Basic Materials,usa,8847.0,0.1365,0.207,-0.054,0.1,0.052,0.079,540472,0.58
WRB,0.43,0.0061,2.84,5.898,13760.0,2.32,27.76,Insurance—Property & Casualty,Financial Services,usa,7495.0,0.2284,0.017,-0.202,0.09,0.019,0.076,517710,0.83
WBA,0.81,0.0341,-0.91,1.249,47470.0,2.24,,Pharmaceutical Retailers,Healthcare,usa,223000.0,0.0363,-0.336,-0.88,-0.03,-0.007,0.024,5275403,0.48
WMT,0.6,0.0157,4.74,5.218,394180.0,4.88,29.49,Discount Stores,Consumer Defensive,usa,2300000.0,0.0629,0.008,-0.085,0.177,0.056,0.056,6876818,0.48
WM,1.85,0.0173,3.51,4.846,56100.0,7.56,37.85,Waste Management,Industrials,usa,48250.0,0.1117,0.163,-0.099,0.212,0.055,0.093,1539474,0.8
WAT,5.84,,8.36,1.615,18880.0,81.54,36.39,Diagnostics & Research,Healthcare,usa,7400.0,0.0717,0.082,-0.033,-6.151,0.193,0.35,464305,0.81
WEC,1.36,0.0292,3.79,0.269,29380.0,2.8,24.49,Utilities—Regulated Electric,Utilities,usa,7273.0,0.0611,0.101,0.059,0.115,0.034,0.058,1043652,0.17
WFC,1.3,0.01,0.4,1.532,163150.0,1.01,100.33,Banks—Diversified,Financial Services,usa,268531.0,,-0.369,-0.898,0.011,0.001,0.076,28114189,1.32
WST,0.14,0.0023,4.57,0.338,21330.0,11.63,63.92,Medical Instruments & Supplies,Healthcare,usa,9200.0,0.226,0.287,0.425,0.208,0.138,0.159,201537,0.95
WDC,0.93,,0.56,2.705,20880.0,2.26,130.95,Computer Hardware,Technology,usa,63800.0,,-0.164,0.614,0.017,0.007,0.007,2337812,1.63
WU,16.44,0.0375,1.79,1.84,0.01009,55.67,13.97,Credit Services,Financial Services,usa,11000.0,0.0925,0.02,-0.27,,0.084,0.263,3560520,1.01
WAB,0.42,0.0062,2.17,4.892,14700.0,1.45,35.78,Railroads,Industrials,usa,27000.0,0.073,-0.119,0.181,0.042,0.022,0.042,1597175,1.67
WRK,0.82,0.0152,-2.62,4.219,13860.0,1.26,,Packaging & Containers,Consumer Cyclical,usa,50000.0,0.2438,-0.24,-1.797,-0.061,-0.023,-0.021,1937635,1.27
WY,0.63,0.0184,1.06,0.218,26760.0,3.17,34.77,REIT—Specialty,Real Estate,usa,9372.0,0.05,0.086,0.504,0.095,0.048,0.096,3445508,1.87
WHR,1.41,0.0214,17.01,-14.268,14360.0,3.88,13.75,"Furnishings, Fixtures & Appliances",Consumer Cyclical,usa,78000.0,0.03,0.117,-0.124,0.326,0.055,0.135,366289,1.89
WLTW,0.52,0.012,8.13,-0.451,29960.0,2.85,29.16,Insurance Brokers,Financial Services,gbr,46100.0,0.0566,0.085,0.012,0.095,0.026,0.061,594877,0.78
WYNN,,,-19.37,-1.576,15110.0,,,Resorts & Casinos,Consumer Cyclical,usa,27500.0,-0.011,-0.646,0.808,-5.988,-0.145,-0.141,1674847,2.5
XEL,1.42,0.027,2.79,-1.854,36260.0,2.46,24.28,Utilities—Regulated Electric,Utilities,usa,11367.0,0.063,0.076,0.057,0.107,0.028,0.06,2560161,0.29
XLNX,0.77,0.0114,2.5,3.965,31140.0,12.53,53.13,Semiconductors,Technology,usa,4891.0,0.09,0.058,-0.089,0.256,0.116,0.211,8859561,1.03
YUM,,0.0174,2.94,3.7,33900.0,,38.93,Restaurants,Consumer Cyclical,usa,38000.0,0.1261,0.071,-0.288,-0.112,0.148,0.489,1025881,1.08
ZBRA,0.58,,9.36,1.789,26530.0,12.52,53.73,Communication Equipment,Technology,usa,8800.0,0.1,0.381,-0.072,0.265,0.102,0.176,195664,1.63
ZBH,0.67,0.0058,-0.69,4.218,34220.0,2.8,,Medical Devices,Healthcare,usa,20000.0,0.1129,-0.234,-1.123,-0.012,-0.006,0.002,1505248,1.33
ZION,0.18,0.0247,3.04,0.531,8930.0,1.23,18.07,Banks—Regional,Financial Services,usa,9678.0,,0.203,-0.273,0.071,0.006,0.193,981790,1.59
ZTS,1.91,0.0062,3.42,2.792,75830.0,20.18,46.74,Drug Manufacturers—Specialty & Generic,Healthcare,usa,11300.0,0.1143,0.383,0.099,0.5,0.126,0.149,1820024,0.62
